encounter_id,patient_id,admit_date,discharge_date,length_of_stay,severity_score,icu_flag,prior_admissions_12m,readmitted_30d
E00001,P0001,2025-12-29,2026-01-04,6,2,1,2,0
E00002,P0002,2026-01-06,2026-01-10,4,3,1,2,0
E00003,P0003,2025-12-14,2025-12-22,8,4,0,1,1
E00004,P0004,2025-11-01,2025-11-09,8,2,0,3,0
E00005,P0005,2026-01-18,2026-01-23,5,1,0,4,0
E00006,P0006,2025-12-15,2025-12-22,7,4,0,0,0
E00007,P0007,2025-12-07,2025-12-17,10,5,0,1,0
E00008,P0008,2026-01-03,2026-01-11,8,3,0,1,1
E00009,P0009,2026-01-12,2026-01-14,2,1,0,0,0
E00010,P0010,2025-10-06,2025-10-10,4,3,1,2,0
E00011,P0011,2026-01-07,2026-01-14,7,3,1,1,0
E00012,P0012,2025-12-26,2025-12-31,5,3,0,3,0
E00013,P0013,2025-10-16,2025-10-25,9,3,0,2,0
E00014,P0014,2025-10-30,2025-11-06,7,4,1,2,1
E00015,P0015,2025-12-24,2025-12-30,6,4,0,1,0
E00016,P0016,2025-10-22,2025-10-26,4,2,0,1,0
E00017,P0017,2025-11-20,2025-11-24,4,4,1,0,0
E00018,P0018,2025-12-12,2025-12-22,10,5,1,3,1
E00019,P0019,2025-12-10,2025-12-18,8,4,0,1,1
E00020,P0020,2026-01-12,2026-01-18,6,3,0,4,0
E00021,P0021,2025-10-06,2025-10-14,8,3,0,3,1
E00022,P0022,2025-10-27,2025-11-05,9,4,0,0,0
E00023,P0023,2026-01-21,2026-01-27,6,2,0,0,0
E00024,P0024,2025-12-05,2025-12-08,3,3,0,1,0
E00025,P0025,2025-10-23,2025-10-30,7,3,0,0,0
E00026,P0026,2025-10-27,2025-11-04,8,4,1,2,0
E00027,P0027,2025-11-03,2025-11-10,7,3,1,1,0
E00028,P0028,2025-11-26,2025-12-06,10,5,0,3,0
E00029,P0029,2025-10-31,2025-11-04,4,2,0,1,0
E00030,P0030,2025-12-03,2025-12-14,11,4,0,1,0
E00031,P0031,2025-11-18,2025-11-23,5,3,0,1,1
E00032,P0032,2025-12-06,2025-12-13,7,2,0,3,1
E00033,P0033,2025-10-15,2025-10-19,4,3,1,2,1
E00034,P0034,2025-12-06,2025-12-14,8,5,1,2,0
E00035,P0035,2026-01-11,2026-01-19,8,3,0,2,0
E00036,P0036,2025-10-11,2025-10-17,6,2,1,1,0
E00037,P0037,2025-11-01,2025-11-09,8,3,1,1,0
E00038,P0038,2025-12-16,2025-12-23,7,3,0,3,0
E00039,P0039,2025-12-07,2025-12-14,7,3,0,1,0
E00040,P0040,2025-12-12,2025-12-20,8,3,0,0,1
E00041,P0041,2025-12-03,2025-12-07,4,1,1,1,0
E00042,P0042,2025-12-18,2025-12-21,3,2,0,0,0
E00043,P0043,2025-12-06,2025-12-13,7,4,0,1,1
E00044,P0044,2025-10-03,2025-10-09,6,2,1,1,0
E00045,P0045,2025-12-25,2025-12-30,5,1,0,0,0
E00046,P0046,2025-11-19,2025-11-23,4,3,1,0,1
E00047,P0047,2025-10-02,2025-10-07,5,3,0,0,1
E00048,P0048,2025-11-13,2025-11-19,6,3,1,0,0
E00049,P0049,2025-11-17,2025-11-22,5,2,1,0,0
E00050,P0050,2025-10-06,2025-10-11,5,4,0,0,0
E00051,P0051,2026-01-22,2026-01-28,6,3,0,0,0
E00052,P0052,2025-10-20,2025-10-27,7,5,0,1,0
E00053,P0053,2025-11-01,2025-11-09,8,3,0,2,0
E00054,P0054,2025-11-15,2025-11-22,7,3,0,2,0
E00055,P0055,2026-01-02,2026-01-08,6,3,1,1,0
E00056,P0056,2025-12-20,2025-12-29,9,5,0,0,0
E00057,P0057,2025-12-24,2026-01-01,8,4,0,3,1
E00058,P0058,2025-10-23,2025-10-29,6,4,0,1,0
E00059,P0059,2026-01-05,2026-01-10,5,3,0,1,0
E00060,P0060,2026-01-03,2026-01-08,5,3,0,2,0
E00061,P0061,2025-11-19,2025-11-25,6,3,0,0,0
E00062,P0062,2025-11-28,2025-12-05,7,4,0,1,0
E00063,P0063,2025-09-25,2025-10-05,10,5,1,4,1
E00064,P0064,2025-12-23,2025-12-31,8,3,0,0,0
E00065,P0065,2026-01-20,2026-01-24,4,3,0,1,0
E00066,P0066,2025-11-20,2025-11-26,6,3,1,0,0
E00067,P0067,2025-11-29,2025-12-04,5,2,0,0,0
E00068,P0068,2025-11-20,2025-11-29,9,4,1,1,0
E00069,P0069,2025-10-04,2025-10-10,6,2,0,6,0
E00070,P0070,2025-12-11,2025-12-14,3,2,1,1,0
E00071,P0071,2025-12-22,2025-12-26,4,2,0,4,0
E00072,P0072,2026-01-14,2026-01-20,6,2,1,2,0
E00073,P0073,2026-01-13,2026-01-20,7,2,0,1,0
E00074,P0074,2025-11-26,2025-11-29,3,2,0,0,0
E00075,P0075,2026-01-16,2026-01-24,8,3,0,4,1
E00076,P0076,2025-11-24,2025-12-03,9,4,0,0,0
E00077,P0077,2025-12-11,2025-12-17,6,3,0,0,0
E00078,P0078,2025-12-06,2025-12-12,6,2,0,1,0
E00079,P0079,2026-01-21,2026-01-28,7,4,1,4,0
E00080,P0080,2025-12-20,2025-12-28,8,4,0,1,1
E00081,P0081,2025-10-11,2025-10-15,4,2,0,0,0
E00082,P0082,2025-10-06,2025-10-09,3,2,0,2,0
E00083,P0083,2025-11-10,2025-11-19,9,4,0,1,0
E00084,P0084,2025-11-25,2025-12-01,6,3,0,5,0
E00085,P0085,2025-12-12,2025-12-20,8,4,0,1,0
E00086,P0086,2025-11-22,2025-11-27,5,3,0,3,0
E00087,P0087,2025-11-26,2025-12-01,5,4,0,0,0
E00088,P0088,2026-01-14,2026-01-19,5,2,1,0,0
E00089,P0089,2025-11-03,2025-11-10,7,4,1,3,1
E00090,P0090,2025-11-22,2025-11-29,7,3,0,1,0
E00091,P0091,2025-11-30,2025-12-06,6,2,0,1,0
E00092,P0092,2025-11-19,2025-11-26,7,2,0,0,0
E00093,P0093,2026-01-16,2026-01-25,9,4,1,3,1
E00094,P0094,2026-01-16,2026-01-24,8,3,1,2,0
E00095,P0095,2025-11-25,2025-12-01,6,3,1,1,0
E00096,P0096,2025-11-17,2025-11-24,7,3,0,1,0
E00097,P0097,2025-12-01,2025-12-10,9,4,0,1,0
E00098,P0098,2025-10-16,2025-10-22,6,1,0,2,0
E00099,P0099,2025-11-17,2025-11-21,4,2,0,1,0
E00100,P0100,2025-10-22,2025-10-27,5,2,0,3,0
E00101,P0101,2025-10-07,2025-10-18,11,5,0,3,1
E00102,P0102,2025-10-03,2025-10-12,9,4,1,4,1
E00103,P0103,2025-12-02,2025-12-10,8,4,0,3,0
E00104,P0104,2025-09-26,2025-10-01,5,2,0,0,0
E00105,P0105,2025-12-12,2025-12-17,5,2,0,1,1
E00106,P0106,2025-11-13,2025-11-21,8,4,0,0,0
E00107,P0107,2025-11-06,2025-11-13,7,3,0,3,1
E00108,P0108,2025-12-24,2026-01-01,8,4,0,0,0
E00109,P0109,2025-11-27,2025-12-04,7,3,1,1,0
E00110,P0110,2025-12-20,2025-12-28,8,4,0,1,0
E00111,P0111,2025-12-16,2025-12-25,9,4,0,4,1
E00112,P0112,2025-09-22,2025-10-04,12,4,0,2,1
E00113,P0113,2025-10-20,2025-10-26,6,4,0,1,0
E00114,P0114,2025-12-03,2025-12-08,5,1,0,0,0
E00115,P0115,2026-01-23,2026-01-26,3,1,0,1,0
E00116,P0116,2025-10-11,2025-10-19,8,4,0,0,0
E00117,P0117,2025-10-05,2025-10-13,8,4,1,2,1
E00118,P0118,2026-01-14,2026-01-21,7,2,0,3,0
E00119,P0119,2026-01-19,2026-01-25,6,1,0,0,0
E00120,P0120,2025-10-13,2025-10-21,8,4,0,1,0
